"Timestamp","Enter Your Name","Age","Gender","City","1. What type of content do you enjoy the most on Instagram?","
2. How often do you check Instagram?","3. Which Instagram feature do you use the most?","4. Which Instagram feature do you use the most?","5. How do you prefer to shop on Instagram?","6. What time of day do you usually scroll Instagram?","7. How do you feel about ads on Instagram?","8. Which Instagram influencer niche do you follow the most?","9. What motivates you to follow a new account?","10. Do you engage with Instagram polls and quizzes?","11. What type of Instagram captions do you prefer?","12. How important is Instagram aesthetics to you?","13. What do you like to see in Instagram Stories?","14. How likely are you to share a post you like?","15. What kind of giveaways do you prefer?
","16. How do you prefer to discover new accounts?","17. What type of Instagram captions do you usually read?","18. What type of Instagram posts catch your attention first?","19. How often do you save posts for later?","20. What’s your go-to reason for unfollowing someone?","21. How do you feel about Instagram Reels?","22. Which Instagram Stories feature do you use the most?","23. When do you prefer brands to post?","24. How often do you comment on posts?","25.What type of Instagram content inspires you the most?","26. How do you prefer brands to communicate with you on Instagram?","27. What’s your favorite way to interact with content?","28. Do you use Instagram for business or just personal?","29. How important are Instagram captions in your decision to follow or unfollow?","30. What’s your favorite Instagram content format?","31. How often do you use Instagram’s Explore page?","32. When do you prefer to see sponsored content?","33. What do you expect from Instagram creators?","34. How likely are you to try a product recommended on Instagram?","35.How do you feel about Instagram Live sessions?","36. What’s your preferred way to discover Instagram trends?","37. How much time do you spend on Instagram daily?","38. What kind of Instagram contests do you like best?","39. How important are Instagram captions to you?","40. What motivates you to share an Instagram post?"
"2025/09/23 4:02:46 pm GMT+5:30","","","","Kimaya Rajendra Chaudhari ","Reels","A few times a week","","Food","I Don't shop on instagram","Morning","I don't mind them","Beauty and Makeup","Recommendations from friends","Never","short and sweet","I don't Notice it","Behind the scenes","Never","discounts","Ads","skills captions","Funny or meme posts","Never","I don’t unfollow often","Don’t like them at all","None of these","Mornings","Never","Personal stories","Direct messages","Saves","Only personal","I don’t read captions","Single photos","Never","I don’t like sponsored content","Regular posting","Never","Don’t like them","• D) Friends","Less than 30 minutes","Photo challenges","","Funny posts"
"2025/09/23 6:28:15 pm GMT+5:30","","","","Digambar soma kolhe","Photos","Once a day","Explore page","Fitness","Via Instagram stories","Afternoon","I don't mind them","Travel and lifestyles","Cool content","Always","short and sweet","Not important at all","Behind the scenes","Never","Experience","Explore page","Quits","Bright and colorful images","Rarely","Negative vibes or drama","Rarely watch","Music","Weekdays","Regularly","Personal stories","Posts and captions","Shares","Mostly business, some personal","Very important","Video posts","Weekly","I don’t like sponsored content","Regular posting","Rarely","Watch occasionally","Influencers","30 minutes to 1 hour","Giveaway draws","Not very important","Inspirational messages"
"2025/09/23 7:17:55 pm GMT+5:30","","","","Sanket Bhasker Pawar ","Reels","Multiple times a day","IGTV/Reels","Fashion","Via Instagram stories","Evening","I avoid them","Fitness and health","Cool content","Always","short and sweet","very important","Daily life updates","Very likely","Products","Recommendations from friend","skills captions","Funny or meme posts","Sometimes","Negative vibes or drama","Love them, watch daily","Music","Weekends","Rarely","Motivational quotes","Direct messages","Likes","Mostly personal, some business","Somewhat important","Single photos","Daily","If it’s creative and fun","High-quality content","Sometimes","Rarely watch","• B) Explore page","1-2 hours","Caption contests","Not very important","Funny posts"
"2025/09/23 7:18:16 pm GMT+5:30","","","","","","","","","","","","","","","","","","","","","","","","","","","","","","","","","","","","","","","","","","","",""
"2025/09/23 7:21:51 pm GMT+5:30","","","","Rajendra Dattu Chaudhari ","Reels","Once a day","Direct Message","Food","I Don't shop on instagram","Morning","I don't mind them","Beauty and Makeup","Cool content","Never","Fun and witty","I don't Notice it","Daily life updates","Never","Products","Through hashtags","Long stories","Funny or meme posts","Never","I don’t unfollow often","Don’t like them at all","None of these","Mornings","Never","Personal stories","Direct messages","Saves","Only personal","Not important","Reels","Never","I don’t like sponsored content","Regular posting","Never","Don’t like them","• D) Friends","Less than 30 minutes","","I don’t read captions","Funny posts"
"2025/09/23 7:31:27 pm GMT+5:30","","","","mamata digambar kolhe","Photos","Multiple times a day","Direct Message","Fashion","I Don't shop on instagram","Morning","Sometimes annoying","Travel and lifestyles","Giveaway or contests","Rarely","inspirational quotes","very important","Tutorials and tips","Never","","Ads","skills captions","Funny or meme posts","Sometimes","Too many posts","Love them, watch daily","Stickers (polls, quizzes)","Weekdays","Regularly","Personal stories","Direct messages","Comments","Only business","I don’t read captions","Reels","Occasionally","I don’t mind sponsored content","Regular posting","Never","Rarely watch","• C) Hashtags","More than 2 hours","Caption contests","Somewhat important","Useful info"
"2025/09/23 7:35:20 pm GMT+5:30","","","","Snehal Hemant Zope","Stories","Rarely","Stories","Food","I Don't shop on instagram","Afternoon","A find some useful","Fitness and health","Recommendations from friends","Never","Informatative and detail","I don't Notice it","Tutorials and tips","Rarely","Experience","Recommendations from friend","Quits","Minimalist and clean designs","Never","Negative vibes or drama","Rarely watch","None of these","Weekends","Rarely","Personal stories","Comments reply","Likes","Only personal","I don’t read captions","Video posts","Occasionally","I don’t like sponsored content","Regular posting","Rarely","Rarely watch","• D) Friends","Less than 30 minutes","Photo challenges","I don’t read captions","Useful info"
"2025/09/23 7:51:21 pm GMT+5:30","","","","Jyoti Vasudeo Wani ","Stories","Multiple times a day","IGTV/Reels","Fashion","I Don't shop on instagram","Late night","I avoid them","Travel and lifestyles","Frequent updates","Rarely","Informatative and detail","Not important at all","Tutorials and tips","Rarely","Experience","Recommendations from friend","skills captions","Funny or meme posts","Never","I don’t unfollow often","Rarely watch","None of these","Mornings","Occasionally","Tutorials","Comments reply","Likes","Only personal","Not important","Reels","Occasionally","I don’t like sponsored content","Regular posting","Never","Rarely watch","• D) Friends","More than 2 hours","Caption contests","I don’t read captions","Funny posts"
"2025/09/23 8:13:59 pm GMT+5:30","","","","Shubhangi Attarde ","Reels","Multiple times a day","IGTV/Reels","Food","I Don't shop on instagram","Afternoon","I don't mind them","Fitness and health","Frequent updates","Never","inspirational quotes","Not important at all","Tutorials and tips","Sometimes","Products","Explore page","Quick pads","Funny or meme posts","Sometimes","I don’t unfollow often","Sometimes watch","None of these","Weekdays","Occasionally","Motivational quotes","Story mentions","Likes","Only personal","I don’t read captions","Video posts","Daily","I don’t mind sponsored content","Authenticity","Never","Rarely watch","• B) Explore page","30 minutes to 1 hour","Photo challenges","Not very important","Inspirational messages"
"2025/09/23 8:18:37 pm GMT+5:30","","","","Nilesh Kumar ","Reels","Rarely","Direct Message","Food","I Don't shop on instagram","Morning","I avoid them","Fitness and health","Frequent updates","Never","short and sweet","Not important at all","Behind the scenes","Rarely","discounts","Recommendations from friend","skills captions","Celebrity or influencer posts","Never","I don’t unfollow often","Don’t like them at all","None of these","Evenings","Never","Product reviews","Posts and captions","Likes","Only personal","I don’t read captions","Reels","Never","I don’t like sponsored content","Regular posting","Never","Don’t like them","• D) Friends","More than 2 hours","Quiz contests","I don’t read captions","Inspirational messages"
"2025/09/23 8:25:18 pm GMT+5:30","","","","Nilesh Attarde  ","Reels","Rarely","IGTV/Reels","Fitness","I Don't shop on instagram","Late night","I avoid them","Travel and lifestyles","Recommendations from friends","Never","Fun and witty","Not important at all","Daily life updates","Never","Experience","Recommendations from friend","skills captions","Funny or meme posts","Never","I don’t unfollow often","Rarely watch","None of these","Weekends","Never","Product reviews","Direct messages","Likes","Only personal","Not important","Reels","Never","I don’t like sponsored content","Authenticity","Never","Don’t like them","• D) Friends","Less than 30 minutes","Quiz contests","Not very important","Useful info"
"2025/09/24 10:08:20 am GMT+5:30","","","","","Stories","Rarely","Stories","Food","I Don't shop on instagram","Evening","I avoid them","Fitness and health","Cool content","Never","Informatative and detail","I don't Notice it","Behind the scenes","Never","Products","Recommendations from friend","Long stories","Bright and colorful images","Rarely","I don’t unfollow often","Don’t like them at all","None of these","Weekends","Rarely","Personal stories","Story mentions","Likes","Only personal","I don’t read captions","Single photos","Weekly","I don’t like sponsored content","Regular posting","Rarely","Rarely watch","• C) Hashtags","Less than 30 minutes","Giveaway draws","I don’t read captions","Useful info"
"2025/09/24 12:25:09 pm GMT+5:30","","","","Divya Vilas Bari ","Reels","Rarely","Explore page","Travel","I Don't shop on instagram","Evening","Sometimes annoying","Travel and lifestyles","Cool content","Rarely","","","","","","","","","","","","","","","","","","","","","","","","","","","","","",""
"2025/09/24 8:11:40 pm GMT+5:30","","","","Shital Barhate","Reels","A few times a week","Direct Message","Fitness","Clicking links in bio","Afternoon","Sometimes annoying","Travel and lifestyles","Giveaway or contests","Always","short and sweet","some what important","polls and Q&K","Sometimes","Gift cards","Through hashtags","Long stories","Bright and colorful images","Often","Content no longer interests me","Rarely watch","Music","Weekends","Occasionally","Motivational quotes","Comments reply","Comments","Mostly business, some personal","Not important","Video posts","Occasionally","I don’t like sponsored content","High-quality content","Sometimes","Don’t like them","• D) Friends","More than 2 hours","Quiz contests","I don’t read captions","Inspirational messages"
"2025/09/24 9:05:10 pm GMT+5:30","","","","Sadhna chaudhari","Reels","Multiple times a day","Direct Message","Fashion","I Don't shop on instagram","Evening","I don't mind them","Beauty and Makeup","Giveaway or contests","Never","Fun and witty","Not important at all","polls and Q&K","Very likely","discounts","Explore page","Quick pads","Funny or meme posts","Never","I don’t unfollow often","Love them, watch daily","Swipe-up links","Mornings","Occasionally","Motivational quotes","Story mentions","Comments","Mostly personal, some business","Very important","Single photos","Weekly","I don’t like sponsored content","Engagement with followers","Rarely","Watch occasionally","Influencers","1-2 hours","Giveaway draws","I don’t read captions","Relatable content"
"2025/09/24 9:08:11 pm GMT+5:30","","","","Ganesh chaudhari","Reels","Multiple times a day","Direct Message","Fashion","I Don't shop on instagram","Evening","I don't mind them","Fitness and health","Cool content","Rarely","inspirational quotes","I don't Notice it","polls and Q&K","Rarely","Products","Ads","Quits","Celebrity or influencer posts","Sometimes","I don’t unfollow often","Sometimes watch","Stickers (polls, quizzes)","Weekends","Rarely","Motivational quotes","Direct messages","Comments","Mostly business, some personal","Somewhat important","Carousel posts","Never","I don’t mind sponsored content","Engagement with followers","Rarely","Rarely watch","• C) Hashtags","1-2 hours","Giveaway draws","Very important","Funny posts"
"2025/09/24 9:15:23 pm GMT+5:30","","","","Vaishali patil","Stories","Multiple times a day","Direct Message","Fashion","Clicking links in bio","Late night","Sometimes annoying","Travel and lifestyles","Giveaway or contests","Sometimes","Informatative and detail","Not important at all","polls and Q&K","","discounts","Recommendations from friend","Quits","Celebrity or influencer posts","Sometimes","Content no longer interests me","Sometimes watch","Music","Evenings","Occasionally","Motivational quotes","Comments reply","Shares","Only business","Very important","Single photos","Never","If it’s creative and fun","Engagement with followers","Rarely","Rarely watch","• D) Friends","More than 2 hours","Caption contests","I don’t read captions","Useful info"
"2025/09/24 9:18:56 pm GMT+5:30","","","","Sima chimankar","Reels","Once a day","Explore page","Fashion","Clicking links in bio","Afternoon","Sometimes annoying","Fitness and health","Recommendations from friends","Never","Fun and witty","Not important at all","Tutorials and tips","Sometimes","discounts","Through hashtags","skills captions","Funny or meme posts","Never","Too many posts","Rarely watch","Stickers (polls, quizzes)","Mornings","Rarely","Tutorials","Direct messages","Saves","Only personal","Somewhat important","Single photos","Occasionally","I don’t mind sponsored content","Regular posting","Sometimes","Love them, watch often","• C) Hashtags","More than 2 hours","Photo challenges","I don’t read captions","Useful info"
"2025/09/24 9:23:57 pm GMT+5:30","","","","Rani koli","Videos","Once a day","Explore page","Travel","Via Instagram stories","Afternoon","Sometimes annoying","Teach and Gadgets","Giveaway or contests","Rarely","Fun and witty","I don't Notice it","polls and Q&K","Very likely","discounts","Recommendations from friend","Quits","Minimalist and clean designs","Sometimes","","","None of these","","Occasionally","Tutorials","Direct messages","Shares","Mostly business, some personal","Not important","Carousel posts","Daily","I don’t mind sponsored content","Engagement with followers","Sometimes","Love them, watch often","• B) Explore page","30 minutes to 1 hour","Giveaway draws","Somewhat important","Relatable content"
"2025/09/25 7:07:43 pm GMT+5:30","","","","Aditya Chandrakant Lohar ","Videos","Once a day","Direct Message","Fashion","Through shoppable posts","Afternoon","Sometimes annoying","Fitness and health","Recommendations from friends","Sometimes","short and sweet","some what important","polls and Q&K","Rarely","Gift cards","Recommendations from friend","Quick pads","Bright and colorful images","Rarely","Negative vibes or drama","Rarely watch","Music","Evenings","Occasionally","Tutorials","Comments reply","Comments","Mostly personal, some business","Somewhat important","Carousel posts","Weekly","I don’t like sponsored content","High-quality content","Sometimes","Watch occasionally","• B) Explore page","1-2 hours","Caption contests","Very important","Funny posts"
"2025/10/01 3:38:29 pm GMT+5:30","Nandini Patil ","19","Female","Erandol ","Photos","Once a day","Stories","Travel","Through shoppable posts","Morning","I don't mind them","Fitness and health","Cool content","Always","Fun and witty","very important","Daily life updates","Very likely","Products","Through hashtags","Long stories","Bright and colorful images","Often","Content no longer interests me","Love them, watch daily","Stickers (polls, quizzes)","Weekdays","Regularly","Personal stories","Direct messages","Likes","Only personal","Very important","Reels","Daily","If it’s creative and fun","Authenticity","Very likely","Love them, watch often","Influencers","More than 2 hours","Photo challenges","Very important","Relatable content"
"2025/10/01 3:42:43 pm GMT+5:30","Geeta Lohar ","19","Female","Jalgaon ","Videos","Multiple times a day","Direct Message","Food","Clicking links in bio","Morning","I avoid them","Fitness and health","Frequent updates","Sometimes","Fun and witty","Not important at all","polls and Q&K","Very likely","Products","Recommendations from friend","Long stories","Minimalist and clean designs","Sometimes","Content no longer interests me","Love them, watch daily","Stickers (polls, quizzes)","Weekends","Regularly","Personal stories","Comments reply","Comments","Mostly business, some personal","Somewhat important","Video posts","Occasionally","I don’t like sponsored content","High-quality content","Sometimes","Watch occasionally","Influencers","Less than 30 minutes","Photo challenges","Very important","Useful info"
"2025/10/01 3:42:57 pm GMT+5:30","Nidhi","19","Female","Pune","Photos","Rarely","Stories","Food","Via Instagram stories","Morning","I don't mind them","Travel and lifestyles","Cool content","Sometimes","Informatative and detail","very important","Daily life updates","Sometimes","Experience","Ads","Quick pads","Minimalist and clean designs","Often","Content no longer interests me","Rarely watch","Swipe-up links","Mornings","Rarely","Product reviews","Direct messages","Likes","Mostly business, some personal","Not important","Video posts","Weekly","If it’s creative and fun","Engagement with followers","Rarely","Rarely watch","Friends","More than 2 hours","Caption contests","Not very important","Funny posts"
"2025/10/01 3:43:26 pm GMT+5:30","Mayuri Laxman Joshi ","19","Female","Jalgaon ","Reels","Once a day","IGTV/Reels","Fashion","Via Instagram stories","Morning","Sometimes annoying","Travel and lifestyles","Cool content","Always","short and sweet","Not important at all","Daily life updates","Never","Products","Recommendations from friend","Long stories","Funny or meme posts","Never","Content no longer interests me","Rarely watch","Music","Weekends","Never","Personal stories","Story mentions","Likes","Only personal","Very important","Reels","Daily","I don’t mind sponsored content","High-quality content","Never","Don’t like them","Friends","More than 2 hours","Photo challenges","Somewhat important","Useful info"
"2025/10/01 3:53:31 pm GMT+5:30","Yugandhar Gujar ","20","Male","Shirpur ","Photos","Once a day","","Fashion","Clicking links in bio","Morning","Sometimes annoying","Travel and lifestyles","Giveaway or contests","Sometimes","Informatative and detail","some what important","Behind the scenes","Sometimes","discounts","Explore page","Quits","Bright and colorful images","Often","Content no longer interests me","Sometimes watch","Swipe-up links","Weekends","Occasionally","Tutorials","Comments reply","Saves","Mostly personal, some business","Somewhat important","Video posts","Occasionally","I don’t like sponsored content","Engagement with followers","Sometimes","Watch occasionally","Explore page","30 minutes to 1 hour","Caption contests","Not very important","Useful info"
"2025/10/02 12:47:00 pm GMT+5:30","Pankaj Sanjay chaudhari","24","Male","Jalgaon ","Reels","Multiple times a day","Direct Message","Fashion","I Don't shop on instagram","Afternoon","Sometimes annoying","Fitness and health","Recommendations from friends","Sometimes","short and sweet","some what important","Daily life updates","Sometimes","Experience","Recommendations from friend","skills captions","Bright and colorful images","Sometimes","Negative vibes or drama","Love them, watch daily","Music","Weekends","Rarely","Motivational quotes","Comments reply","Likes","Only personal","Very important","Single photos","Daily","I don’t like sponsored content","High-quality content","Sometimes","Rarely watch","Influencers","1-2 hours","Photo challenges","Somewhat important","Funny posts"
"2025/10/03 12:38:08 pm GMT+5:30","Dipali Dilip Satpute ","19","Female","Dharngaon ","Photos","Rarely","Direct Message","Fashion","Via Instagram stories","Morning","Sometimes annoying","Fitness and health","Recommendations from friends","Rarely","Informatative and detail","very important","Daily life updates","Sometimes","Products","Recommendations from friend","Quits","Funny or meme posts","Rarely","Content no longer interests me","Love them, watch daily","Stickers (polls, quizzes)","Evenings","Regularly","Motivational quotes","Direct messages","Comments","Mostly personal, some business","Somewhat important","Reels","Occasionally","I don’t like sponsored content","High-quality content","Very likely","Watch occasionally","Influencers","Less than 30 minutes","Photo challenges","Very important","Funny posts"
"2025/10/03 12:46:18 pm GMT+5:30","Poonam bari","37","Female","Jalgaon ","Photos","Once a day","Stories","Fashion","I Don't shop on instagram","Late night","Sometimes annoying","Travel and lifestyles","Giveaway or contests","Sometimes","Fun and witty","very important","Behind the scenes","Sometimes","Gift cards","Recommendations from friend","Quits","Minimalist and clean designs","Often","Content no longer interests me","Rarely watch","Music","Mornings","Occasionally","Tutorials","Posts and captions","Shares","Mostly business, some personal","Not important","Reels","Never","If it’s creative and fun","Authenticity","Very likely","Love them, watch often","Influencers","30 minutes to 1 hour","Photo challenges","Very important","Relatable content"
"2025/10/03 12:48:26 pm GMT+5:30","Yogesh mahajan ","20 ","Male","Dharangaon","Reels","Once a day","Direct Message","Fitness","Clicking links in bio","Evening","A find some useful","Fitness and health","Recommendations from friends","Rarely","inspirational quotes","some what important","Behind the scenes","Sometimes","Products","Recommendations from friend","skills captions","Bright and colorful images","Sometimes","Content no longer interests me","Sometimes watch","Music","Evenings","Never","Personal stories","Posts and captions","Saves","Only personal","Not important","Single photos","Daily","I don’t like sponsored content","High-quality content","Sometimes","Watch occasionally","hashtags","30 minutes to 1 hour","Caption contests","Somewhat important","Useful info"
"2025/10/03 4:59:07 pm GMT+5:30","YOGITA ","19","Female","Jalgaon ","Reels","Rarely","IGTV/Reels","Fashion","I Don't shop on instagram","Evening","A find some useful","Travel and lifestyles","","Never","inspirational quotes","very important","Tutorials and tips","Never","discounts","Through hashtags","Quits","Funny or meme posts","Sometimes","Content no longer interests me","Rarely watch","Swipe-up links","Mornings","Rarely","Tutorials","Comments reply","Saves","Only personal","I don’t read captions","Reels","Never","I don’t like sponsored content","High-quality content","Sometimes","Watch occasionally","hashtags","1-2 hours","Giveaway draws","I don’t read captions","Inspirational messages"
"2025/10/03 4:59:20 pm GMT+5:30","","","","","","","","","","","","","","","","","","","","","","","","","","","","","","","","","","","","","","","","","","","",""
"2025/10/03 5:21:59 pm GMT+5:30","Shruti Nilesh Bari ","15","Female","Jalgaon ","Reels","Rarely","Stories","Fitness","I Don't shop on instagram","Afternoon","I avoid them","Teach and Gadgets","Cool content","Never","Fun and witty","I don't Notice it","Tutorials and tips","Never","Products","Recommendations from friend","skills captions","Celebrity or influencer posts","Rarely","Content no longer interests me","Rarely watch","None of these","Weekends","Never","Tutorials","Posts and captions","Shares","Only personal","I don’t read captions","Reels","Never","I don’t mind sponsored content","Regular posting","Never","Don’t like them","Influencers","Less than 30 minutes","Quiz contests","I don’t read captions","Funny posts"
"2025/10/03 6:04:26 pm GMT+5:30","Pratiksha Patil","27","Female","Jalgaon","Videos","Once a day","Stories","Fitness","Clicking links in bio","Afternoon","I avoid them","Fitness and health","Giveaway or contests","Never","Informatative and detail","Not important at all","Tutorials and tips","Rarely","Gift cards","Through hashtags","Quits","Celebrity or influencer posts","Rarely","Content no longer interests me","Sometimes watch","Music","Weekends","Rarely","Product reviews","Story mentions","Shares","Only business","I don’t read captions","Reels","Daily","","Authenticity","Very likely","Watch occasionally","Explore page","Less than 30 minutes","Giveaway draws","Not very important","Funny posts"
"2025/10/03 6:07:01 pm GMT+5:30","Pratiksha Patil ","27","Female","Jalgaon","Videos","Once a day","Stories","Fitness","I Don't shop on instagram","Afternoon","I avoid them","Fitness and health","Cool content","Rarely","inspirational quotes","Not important at all","Tutorials and tips","Rarely","Products","Explore page","skills captions","Funny or meme posts","Rarely","Negative vibes or drama","Rarely watch","Music","Weekends","Rarely","Product reviews","Posts and captions","Comments","Only business","I don’t read captions","Reels","Occasionally","I don’t like sponsored content","Authenticity","Very likely","Rarely watch","Friends","Less than 30 minutes","Quiz contests","I don’t read captions","Useful info"
"2025/10/03 6:07:41 pm GMT+5:30","","","","","","","","","","","","","","","","","","","","","","","","","","","","","","","","","","","","","","","","","","","",""
"2025/10/03 6:19:53 pm GMT+5:30","Puja","22","Female","Jalgaon ","Reels","Rarely","Direct Message","Travel","I Don't shop on instagram","Afternoon","Sometimes annoying","Travel and lifestyles","Cool content","Never","short and sweet","Not important at all","Behind the scenes","Never","Gift cards","Ads","skills captions","Funny or meme posts","Never","I don’t unfollow often","Rarely watch","Music","Weekends","Never","Motivational quotes","Story mentions","Shares","Only personal","Not important","Reels","Never","I don’t mind sponsored content","High-quality content","Never","Don’t like them","Friends","Less than 30 minutes","Quiz contests","Somewhat important","Useful info"
"2025/10/03 6:20:03 pm GMT+5:30","","","","","","","","","","","","","","","","","","","","","","","","","","","","","","","","","","","","","","","","","","","",""
"2025/10/03 6:20:34 pm GMT+5:30","","","","","","","","","","","","","","","","","","","","","","","","","","","","","","","","","","","","","","","","","","","",""
"2025/10/03 6:20:42 pm GMT+5:30","","","","","","","","","","","","","","","","","","","","","","","","","","","","","","","","","","","","","","","","","","","",""
"2025/10/04 11:40:20 am GMT+5:30","Saurabh konde","19","Male","Pahur ","Stories","A few times a week","Explore page","Food","Clicking links in bio","Evening","A find some useful","Travel and lifestyles","Giveaway or contests","Sometimes","inspirational quotes","Not important at all","polls and Q&K","Sometimes","Gift cards","Recommendations from friend","Quits","Minimalist and clean designs","Rarely","Negative vibes or drama","Sometimes watch","Stickers (polls, quizzes)","Mornings","Occasionally","Tutorials","Comments reply","Comments","Mostly personal, some business","Very important","Carousel posts","Weekly","I don’t like sponsored content","High-quality content","Sometimes","Watch occasionally","Explore page","1-2 hours","Giveaway draws","Not very important","Useful info"
"2025/10/04 11:53:43 am GMT+5:30","Shrikant Koli ","18","Male","Pune","Stories","Multiple times a day","Stories","Fashion","Via Instagram stories","Late night","Sometimes annoying","","","","","","","","","","","","","","","","","","","","","","","","","","","","","","","","",""
"2025/10/04 11:56:59 am GMT+5:30","Ruchita patil","25","Female","Jalgaon ","Reels","Multiple times a day","IGTV/Reels","Food","I Don't shop on instagram","Morning","I avoid them","Travel and lifestyles","Recommendations from friends","Sometimes","Fun and witty","Not important at all","Daily life updates","Very likely","Experience","Explore page","Quits","Bright and colorful images","Often","Content no longer interests me","Rarely watch","Music","Weekends","Regularly","Personal stories","Comments reply","Comments","Only personal","Not important","Single photos","Daily","If it’s creative and fun","Authenticity","Never","Love them, watch often","Explore page","1-2 hours","Quiz contests","Very important","Useful info"
"2025/10/04 11:57:22 am GMT+5:30","Shrikant tayde","20","Male","Jalgaon ","Reels","Multiple times a day","Explore page","Fashion","Through shoppable posts","Late night","I don't mind them","Beauty and Makeup","Recommendations from friends","Sometimes","short and sweet","some what important","Daily life updates","Sometimes","Experience","Recommendations from friend","skills captions","Bright and colorful images","Sometimes","Content no longer interests me","Sometimes watch","Stickers (polls, quizzes)","Weekends","Rarely","Personal stories","Comments reply","Comments","Mostly business, some personal","Very important","Video posts","Occasionally","I don’t like sponsored content","Engagement with followers","Very likely","Watch occasionally","hashtags","More than 2 hours","Photo challenges","Somewhat important","Funny posts"
"2025/10/04 12:01:39 pm GMT+5:30","Pawan Nikam ","28","Male","Pakistan","Photos","A few times a week","Direct Message","Fashion","","Evening","I avoid them","Teach and Gadgets","Recommendations from friends","Sometimes","inspirational quotes","Not important at all","Behind the scenes","Rarely","Experience","Recommendations from friend","Quits","Celebrity or influencer posts","Sometimes","Content no longer interests me","Rarely watch","Swipe-up links","Weekdays","Never","Product reviews","Comments reply","Shares","Mostly business, some personal","Somewhat important","Single photos","Occasionally","I don’t like sponsored content","Regular posting","Never","Watch occasionally","Influencers","Less than 30 minutes","Photo challenges","Very important","Funny posts"
"2025/10/04 7:48:42 pm GMT+5:30","Darshan Patil ","22","Male","Jalgaon ","Reels","Multiple times a day","Direct Message","Travel","Via Instagram stories","Late night","I don't mind them","Travel and lifestyles","Cool content","Rarely","Fun and witty","some what important","Daily life updates","Sometimes","Gift cards","Recommendations from friend","Long stories","Funny or meme posts","Never","Too many posts","Rarely watch","Music","Mornings","Regularly","Personal stories","Story mentions","Likes","Mostly personal, some business","Somewhat important","Single photos","Daily","I don’t like sponsored content","High-quality content","Rarely","Love them, watch often","Explore page","Less than 30 minutes","Photo challenges","Not very important","Relatable content"
"2025/10/05 12:38:44 pm GMT+5:30","Kapil bhoi","32","Male","Jalgaon ","Reels","A few times a week","Stories","Fashion","Clicking links in bio","Evening","Sometimes annoying","Travel and lifestyles","Giveaway or contests","Rarely","Informatative and detail","some what important","Behind the scenes","Sometimes","Experience","Explore page","skills captions","Celebrity or influencer posts","Often","Content no longer interests me","Love them, watch daily","Music","Evenings","Occasionally","Motivational quotes","Comments reply","Shares","Only personal","Very important","Carousel posts","Weekly","I don’t like sponsored content","Authenticity","Sometimes","Don’t like them","Influencers","More than 2 hours","Giveaway draws","Somewhat important","Funny posts"
"2025/10/05 2:06:49 pm GMT+5:30","Charushila Rajendra khadse","32","Female","Jalgaon ","Photos","A few times a week","Stories","Fashion","Clicking links in bio","Evening","Sometimes annoying","Beauty and Makeup","Giveaway or contests","Always","short and sweet","some what important","","Very likely","Products","Explore page","Quick pads","Bright and colorful images","Rarely","Too many posts","Love them, watch daily","Music","Weekends","Occasionally","Motivational quotes","Direct messages","Comments","Mostly personal, some business","Somewhat important","Video posts","Weekly","I don’t like sponsored content","Authenticity","Very likely","Watch occasionally","hashtags","More than 2 hours","Quiz contests","Very important","Relatable content"
"2025/10/05 2:10:31 pm GMT+5:30","Mayuri patil","22","Female","Jalgaon ","Videos","Once a day","Direct Message","Travel","Through shoppable posts","Afternoon","Sometimes annoying","Beauty and Makeup","Recommendations from friends","Always","Fun and witty","I don't Notice it","Tutorials and tips","Sometimes","Experience","Explore page","Quick pads","Funny or meme posts","Sometimes","Content no longer interests me","Sometimes watch","Music","Weekdays","Never","Personal stories","Story mentions","Comments","Mostly personal, some business","Very important","Reels","Daily","I don’t like sponsored content","High-quality content","Rarely","Don’t like them","Influencers","Less than 30 minutes","Photo challenges","I don’t read captions","Useful info"
"2025/10/06 11:50:42 am GMT+5:30","Nitin aatade","51","Male","Jalgaon ","Reels","Once a day","Direct Message","Fashion","Through shoppable posts","Late night","Sometimes annoying","Travel and lifestyles","Giveaway or contests","Never","Fun and witty","some what important","Daily life updates","Very likely","Gift cards","Recommendations from friend","skills captions","Minimalist and clean designs","Often","Too many posts","Sometimes watch","Music","Weekdays","Regularly","Tutorials","Comments reply","Comments","Mostly personal, some business","Not important","Video posts","Weekly","If it’s creative and fun","High-quality content","Very likely","Love them, watch often","Explore page","1-2 hours","Caption contests","Not very important","Funny posts"
"2025/10/06 12:09:08 pm GMT+5:30","Isha kale","19","Female","Jalgaon ","Reels","Multiple times a day","Stories","Fashion","Through shoppable posts","Afternoon","","Fitness and health","Giveaway or contests","Sometimes","Informatative and detail","Not important at all","Behind the scenes","Sometimes","Gift cards","Recommendations from friend","Quick pads","Celebrity or influencer posts","Sometimes","Content no longer interests me","Don’t like them at all","None of these","Evenings","Rarely","Motivational quotes","Posts and captions","Likes","Only business","Somewhat important","Reels","Weekly","I don’t like sponsored content","High-quality content","Sometimes","Watch occasionally","Explore page","30 minutes to 1 hour","Caption contests","Not very important","Relatable content"
"2025/10/06 12:19:15 pm GMT+5:30","Mandar Shimpi ","18","Male","Jalgaon ","Stories","A few times a week","IGTV/Reels","Fashion","I Don't shop on instagram","Evening","Sometimes annoying","Travel and lifestyles","Giveaway or contests","Rarely","Informatative and detail","some what important","polls and Q&K","Never","Experience","Ads","skills captions","","","Content no longer interests me","Rarely watch","Music","Weekends","Occasionally","Motivational quotes","Story mentions","Shares","Only business","I don’t read captions","Carousel posts","Occasionally","I don’t mind sponsored content","Engagement with followers","Rarely","Rarely watch","hashtags","30 minutes to 1 hour","Caption contests","Not very important","Funny posts"
"2025/10/06 12:20:12 pm GMT+5:30","Layatit Dipak Kulkarni ","20","Male","Jalgaon ","Photos","Multiple times a day","Explore page","Food","Via Instagram stories","Late night","Sometimes annoying","Travel and lifestyles","Cool content","Rarely","Informatative and detail","some what important","Tutorials and tips","Never","Products","Recommendations from friend","Quick pads","Funny or meme posts","Never","I don’t unfollow often","","Music","Mornings","Never","Motivational quotes","Posts and captions","Likes","Mostly business, some personal","Not important","Single photos","Occasionally","I don’t like sponsored content","Authenticity","Rarely","Don’t like them","hashtags","1-2 hours","Caption contests","Somewhat important","Useful info"
"2025/10/06 12:29:44 pm GMT+5:30","Omaa","20","Female","Jalgaon","Reels","Multiple times a day","Explore page","Fashion","Clicking links in bio","Evening","A find some useful","Teach and Gadgets","Giveaway or contests","Rarely","short and sweet","Not important at all","Tutorials and tips","Never","discounts","Ads","Long stories","Bright and colorful images","Rarely","Content no longer interests me","Rarely watch","Music","Mornings","Regularly","Motivational quotes","Posts and captions","Shares","Mostly business, some personal","I don’t read captions","Video posts","Weekly","If it’s creative and fun","High-quality content","Rarely","Rarely watch","Explore page","30 minutes to 1 hour","Quiz contests","Not very important","Funny posts"
"2025/10/06 12:33:06 pm GMT+5:30","Yogesh mali","32","Male","Jalgaon","Reels","Multiple times a day","Direct Message","Food","Via Instagram stories","Afternoon","I avoid them","Fitness and health","Recommendations from friends","Sometimes","inspirational quotes","Not important at all","polls and Q&K","Rarely","Experience","Explore page","Quits","Funny or meme posts","Often","Too many posts","Sometimes watch","Stickers (polls, quizzes)","Mornings","Rarely","Product reviews","Comments reply","Likes","Mostly personal, some business","Somewhat important","Single photos","Weekly","I don’t mind sponsored content","Engagement with followers","Never","Don’t like them","Friends","30 minutes to 1 hour","Giveaway draws","Somewhat important","Funny posts"
"2025/10/06 12:35:44 pm GMT+5:30","Ramesh Patil ","56","Male","Jalgaon","Videos","Multiple times a day","IGTV/Reels","Food","Through shoppable posts","Late night","I avoid them","Fitness and health","Frequent updates","Sometimes","short and sweet","very important","polls and Q&K","Sometimes","Experience","Ads","skills captions","Celebrity or influencer posts","Never","Too many posts","Love them, watch daily","Stickers (polls, quizzes)","Mornings","Rarely","Product reviews","Posts and captions","Comments","Mostly personal, some business","Not important","Reels","Weekly","I don’t mind sponsored content","Regular posting","Very likely","Watch occasionally","hashtags","More than 2 hours","Quiz contests","Somewhat important","Inspirational messages"
"2025/10/06 12:41:45 pm GMT+5:30"," Dipak patil","34","Male","Jalgaon ","Stories","A few times a week","Explore page","Food","Via Instagram stories","Morning","I avoid them","Fitness and health","Giveaway or contests","Always","short and sweet","some what important","polls and Q&K","Sometimes","Gift cards","Recommendations from friend","Long stories","Minimalist and clean designs","Rarely","Content no longer interests me","Sometimes watch","Swipe-up links","Mornings","Rarely","Personal stories","Story mentions","Shares","Mostly personal, some business","Somewhat important","Single photos","Weekly","If it’s creative and fun","Engagement with followers","Rarely","Rarely watch","hashtags","30 minutes to 1 hour","Caption contests","Somewhat important","Relatable content"
"2025/10/06 12:49:00 pm GMT+5:30","Harshada Dilip sali","22","Female","Erandol ","Videos","Multiple times a day","Explore page","Food","Via Instagram stories","Afternoon","I avoid them","Travel and lifestyles","Recommendations from friends","Rarely","Informatative and detail","some what important","polls and Q&K","Rarely","Gift cards","Recommendations from friend","Quits","Minimalist and clean designs","Rarely","Too many posts","Sometimes watch","Swipe-up links","Weekdays","Regularly","Tutorials","Posts and captions","Shares","Mostly business, some personal","Not important","Carousel posts","Daily","If it’s creative and fun","Engagement with followers","Very likely","Watch occasionally","Explore page","30 minutes to 1 hour","Giveaway draws","Somewhat important","Useful info"
"2025/10/06 12:49:25 pm GMT+5:30","Jagruti brijilal patil ","22","Female","Amalner","Reels","A few times a week","Direct Message","Travel","Via Instagram stories","Afternoon","Sometimes annoying","Fitness and health","Recommendations from friends","Always","Informatative and detail","some what important","Behind the scenes","Sometimes","Gift cards","Recommendations from friend","Quits","Minimalist and clean designs","Rarely","Negative vibes or drama","Sometimes watch","Swipe-up links","Evenings","Rarely","Motivational quotes","Comments reply","Comments","Mostly personal, some business","I don’t read captions","Reels","Daily","If it’s creative and fun","Regular posting","Sometimes","Rarely watch","Influencers","More than 2 hours","Caption contests","Somewhat important","Inspirational messages"
"2025/10/06 12:49:50 pm GMT+5:30","Shubhechha Sunil Mahajan ","22","Female","Jalgaon ","Photos","Multiple times a day","Stories","Travel","Through shoppable posts","Morning","I don't mind them","Beauty and Makeup","Cool content","Always","Fun and witty","very important","Daily life updates","Very likely","Products","Through hashtags","Quits","Bright and colorful images","Often","Too many posts","Love them, watch daily","Stickers (polls, quizzes)","Weekends","Regularly","Personal stories","Direct messages","Likes","Only personal","Very important","Carousel posts","Daily","If it’s creative and fun","Authenticity","Very likely","Love them, watch often","Influencers","Less than 30 minutes","Photo challenges","Very important","Relatable content"
"2025/10/06 12:50:11 pm GMT+5:30","Patil Priyanka Pankaj","22","Female","Jalgaon","Stories","A few times a week","Explore page","Travel","Through shoppable posts","Afternoon","I don't mind them","Beauty and Makeup","Recommendations from friends","Always","short and sweet","some what important","Tutorials and tips","Rarely","Products","Recommendations from friend","skills captions","Funny or meme posts","Rarely","Content no longer interests me","Love them, watch daily","Stickers (polls, quizzes)","Weekends","Occasionally","Tutorials","Direct messages","Likes","Mostly personal, some business","Somewhat important","Single photos","Weekly","I don’t like sponsored content","","","Rarely watch","hashtags","1-2 hours","Caption contests","Not very important","Useful info"
"2025/10/06 12:53:27 pm GMT+5:30","Swati ingle ","20","Female","Jalgaon","Photos","A few times a week","Direct Message","Fitness","Via Instagram stories","Evening","I don't mind them","Teach and Gadgets","Cool content","Rarely","inspirational quotes","some what important","polls and Q&K","Rarely","discounts","Recommendations from friend","skills captions","Minimalist and clean designs","Often","Content no longer interests me","Don’t like them at all","Swipe-up links","Weekends","Rarely","Product reviews","Posts and captions","Shares","Mostly business, some personal","I don’t read captions","Reels","Weekly","I don’t mind sponsored content","Regular posting","Sometimes","Watch occasionally","Explore page","Less than 30 minutes","Giveaway draws","Somewhat important","Funny posts"
"2025/10/06 12:54:38 pm GMT+5:30","nikita mukund","","Female","Jalgaon","Stories","Once a day","Direct Message","Fashion","Clicking links in bio","Evening","I avoid them","Travel and lifestyles","Giveaway or contests","Sometimes","short and sweet","Not important at all","Behind the scenes","Rarely","discounts","Recommendations from friend","skills captions","Minimalist and clean designs","Sometimes","Content no longer interests me","Sometimes watch","Swipe-up links","Weekends","Occasionally","Motivational quotes","Direct messages","Saves","Mostly personal, some business","I don’t read captions","Video posts","Occasionally","I don’t like sponsored content","High-quality content","Sometimes","Love them, watch often","Explore page","1-2 hours","Caption contests","Somewhat important","Useful info"
"2025/10/06 12:55:07 pm GMT+5:30","Dikshita Ravindra Gaikwad ","22","Male","Jalgaon ","Photos","Once a day","Explore page","Fitness","Via Instagram stories","Late night","Sometimes annoying","Teach and Gadgets","Giveaway or contests","Always","short and sweet","I don't Notice it","Behind the scenes","Never","Experience","Explore page","Quits","Funny or meme posts","Rarely","Content no longer interests me","Rarely watch","None of these","Mornings","Never","Motivational quotes","Posts and captions","Shares","Only personal","Somewhat important","Reels","Weekly","I don’t like sponsored content","Regular posting","Sometimes","Don’t like them","Friends","More than 2 hours","Quiz contests","Not very important","Inspirational messages"
"2025/10/06 1:00:12 pm GMT+5:30","Nikita Hiraman Waghode ","19","Female","Jalgaon ","Reels","Multiple times a day","Stories","Fashion","I Don't shop on instagram","Late night","I don't mind them","Beauty and Makeup","Recommendations from friends","Sometimes","inspirational quotes","some what important","Daily life updates","Sometimes","Gift cards","Through hashtags","Long stories","Bright and colorful images","Sometimes","Negative vibes or drama","Rarely watch","Music","Weekends","Occasionally","Motivational quotes","Story mentions","Comments","Mostly business, some personal","Not important","Video posts","Weekly","If it’s creative and fun","High-quality content","Rarely","Rarely watch","hashtags","More than 2 hours","Quiz contests","Not very important","Useful info"
"2025/10/06 1:02:06 pm GMT+5:30","Snehal Devare ","19","Female","Jalgaon ","Photos","Multiple times a day","Stories","Travel","Through shoppable posts","Morning","I don't mind them","Beauty and Makeup","Cool content","Always","Fun and witty","very important","Daily life updates","Very likely","Products","Through hashtags","Long stories","Bright and colorful images","Often","Too many posts","Love them, watch daily","Stickers (polls, quizzes)","Weekdays","Regularly","Personal stories","Direct messages","Likes","Only personal","Somewhat important","Carousel posts","Daily","If it’s creative and fun","Authenticity","Very likely","Love them, watch often","Influencers","Less than 30 minutes","Photo challenges","Very important","Relatable content"
"2025/10/06 1:06:41 pm GMT+5:30","Darshana ","20","Female","Jalgaon ","Stories","A few times a week","Explore page","Fashion","Clicking links in bio","Late night","I avoid them","Fitness and health","Frequent updates","Always","","I don't Notice it","Daily life updates","Rarely","Experience","Explore page","","Funny or meme posts","Never","Too many posts","Don’t like them at all","Swipe-up links","","Rarely","Product reviews","Comments reply","Comments","Mostly business, some personal","Somewhat important","Single photos","Weekly","I don’t like sponsored content","Engagement with followers","Rarely","Watch occasionally","","Less than 30 minutes","Caption contests","Very important","Useful info"
"2025/10/06 1:10:37 pm GMT+5:30","Gayatri rane","20","Female","Jalgaon","Reels","Multiple times a day","Direct Message","Fashion","Clicking links in bio","Evening","Sometimes annoying","Fitness and health","Recommendations from friends","Rarely","Informatative and detail","Not important at all","Behind the scenes","Rarely","Gift cards","Explore page","Quits","Funny or meme posts","Sometimes","Content no longer interests me","Rarely watch","Music","Mornings","Occasionally","Tutorials","Comments reply","Shares","Mostly personal, some business","Somewhat important","Single photos","Weekly","I don’t like sponsored content","Engagement with followers","Rarely","Rarely watch","Explore page","30 minutes to 1 hour","Caption contests","Not very important","Useful info"
"2025/10/06 1:11:48 pm GMT+5:30","Snehal patil","19","Female","Jalgaon ","Stories","Multiple times a day","Stories","Fashion","Through shoppable posts","Late night","I don't mind them","Travel and lifestyles","Recommendations from friends","Rarely","inspirational quotes","very important","Daily life updates","Sometimes","Products","Recommendations from friend","Long stories","Minimalist and clean designs","Sometimes","Content no longer interests me","Sometimes watch","Swipe-up links","Weekends","Occasionally","Motivational quotes","Story mentions","Shares","Mostly business, some personal","Somewhat important","Single photos","Daily","If it’s creative and fun","High-quality content","Sometimes","Watch occasionally","hashtags","More than 2 hours","Caption contests","I don’t read captions","Funny posts"
"2025/10/06 1:13:53 pm GMT+5:30","Aniket Chaudhari","28","Male","Jalgaon ","Reels","Multiple times a day","Stories","Fitness","I Don't shop on instagram","Morning","A find some useful","Fitness and health","Cool content","Sometimes","Fun and witty","some what important","Behind the scenes","Sometimes","Experience","Recommendations from friend","skills captions","Funny or meme posts","Sometimes","Negative vibes or drama","Sometimes watch","Music","Weekdays","Rarely","Motivational quotes","Story mentions","Saves","Only personal","Somewhat important","Reels","Weekly","If it’s creative and fun","High-quality content","Rarely","Rarely watch","Friends","1-2 hours","Caption contests","Very important","Relatable content"
"2025/10/06 1:18:11 pm GMT+5:30","Dnyandip Nehete","23","Male","Jalgoan ","Reels","Multiple times a day","Stories","Food","Through shoppable posts","Morning","I don't mind them","Beauty and Makeup","Cool content","Always","Fun and witty","some what important","Daily life updates","Very likely","Products","Through hashtags","Long stories","Celebrity or influencer posts","Often","Negative vibes or drama","Love them, watch daily","Swipe-up links","Mornings","Regularly","Tutorials","Comments reply","Likes","Only business","Not important","Single photos","Daily","If it’s creative and fun","Authenticity","Very likely","Watch occasionally","Influencers","Less than 30 minutes","Caption contests","Very important","Relatable content"
"2025/10/06 1:20:20 pm GMT+5:30","Manasi bari","22","Female","Parado","Reels","Once a day","Stories","Fashion","Through shoppable posts","Late night","I don't mind them","Beauty and Makeup","Recommendations from friends","Always","inspirational quotes","very important","Tutorials and tips","Sometimes","Gift cards","Recommendations from friend","Quick pads","Minimalist and clean designs","Sometimes","Content no longer interests me","Rarely watch","","Mornings","Occasionally","Tutorials","Comments reply","Comments","Mostly personal, some business","Somewhat important","Carousel posts","Weekly","If it’s creative and fun","High-quality content","Very likely","Watch occasionally","hashtags","More than 2 hours","Giveaway draws","Not very important","Funny posts"
"2025/10/06 2:11:51 pm GMT+5:30","Prachi ","28","Female","Jalgaon ","Reels","Multiple times a day","IGTV/Reels","Food","Clicking links in bio","Evening","A find some useful","Beauty and Makeup","Cool content","Rarely","short and sweet","some what important","Behind the scenes","Very likely","Products","Through hashtags","skills captions","Celebrity or influencer posts","Sometimes","Negative vibes or drama","Love them, watch daily","Music","Mornings","Occasionally","Personal stories","Comments reply","Saves","Only personal","Very important","Single photos","Occasionally","If it’s creative and fun","Regular posting","Very likely","Watch occasionally","Friends","30 minutes to 1 hour","Caption contests","Very important","Relatable content"
"2025/10/06 2:51:53 pm GMT+5:30","Isha vedprasad Chaudhari ","21","Female","Jalgaon ","Reels","A few times a week","Stories","Fitness","I Don't shop on instagram","Evening","I avoid them","Fitness and health","Recommendations from friends","Rarely","short and sweet","Not important at all","Daily life updates","Sometimes","discounts","Explore page","Long stories","Funny or meme posts","Sometimes","Content no longer interests me","Sometimes watch","Music","Weekdays","Occasionally","Tutorials","Direct messages","Likes","Only personal","Not important","Reels","Occasionally","I don’t like sponsored content","Authenticity","Sometimes","Watch occasionally","Influencers","30 minutes to 1 hour","Giveaway draws","Not very important","Inspirational messages"
"2025/10/06 3:42:44 pm GMT+5:30","Swapanil lone","19","Male","Jalgaon","Videos","Multiple times a day","Explore page","Fitness","Through shoppable posts","Evening","Sometimes annoying","Travel and lifestyles","Recommendations from friends","Rarely","inspirational quotes","Not important at all","Behind the scenes","Rarely","Gift cards","Through hashtags","Quick pads","Bright and colorful images","Rarely","Too many posts","Sometimes watch","Swipe-up links","Evenings","Rarely","Product reviews","Comments reply","Shares","Only business","Not important","Video posts","Never","I don’t mind sponsored content","Regular posting","Rarely","Watch occasionally","Influencers","30 minutes to 1 hour","Caption contests","I don’t read captions","Useful info"
"2025/10/06 3:44:04 pm GMT+5:30","Rohit pati","20","Male","Jalgaon","Stories","A few times a week","Stories","Fashion","Through shoppable posts","Late night","I avoid them","Fitness and health","Giveaway or contests","Rarely","Fun and witty","some what important","Behind the scenes","Rarely","Products","Recommendations from friend","Quick pads","Minimalist and clean designs","Sometimes","Content no longer interests me","Rarely watch","Swipe-up links","Weekends","Occasionally","Tutorials","Comments reply","Shares","Mostly personal, some business","Somewhat important","Single photos","Occasionally","I don’t like sponsored content","Engagement with followers","Sometimes","Watch occasionally","Explore page","30 minutes to 1 hour","Caption contests","Somewhat important","Useful info"
"2025/10/06 3:45:50 pm GMT+5:30","Tejaswini Shivaji Dhamode ","20","Female","Jalgaon ","Reels","Rarely","Explore page","Fashion","I Don't shop on instagram","Afternoon","I don't mind them","Fitness and health","Cool content","Always","Fun and witty","very important","Daily life updates","Sometimes","Products","Through hashtags","Long stories","Minimalist and clean designs","Often","Too many posts","Rarely watch","Music","Weekends","Occasionally","Personal stories","Comments reply","Shares","Only personal","Very important","Single photos","Daily","If it’s creative and fun","Authenticity","Sometimes","Love them, watch often","Explore page","Less than 30 minutes","Photo challenges","Very important","Funny posts"
"2025/10/06 3:46:44 pm GMT+5:30","Prathmesh sonawane","20","Male","Jagaon","Stories","Multiple times a day","Direct Message","Fitness","Through shoppable posts","Afternoon","A find some useful","Travel and lifestyles","Cool content","Always","Fun and witty","some what important","Behind the scenes","Very likely","Products","Through hashtags","Long stories","Bright and colorful images","Rarely","Too many posts","Rarely watch","None of these","Mornings","Rarely","Motivational quotes","Story mentions","Comments","Mostly business, some personal","Not important","Single photos","Occasionally","If it’s creative and fun","High-quality content","Very likely","Love them, watch often","Influencers","Less than 30 minutes","Caption contests","Not very important","Funny posts"
"2025/10/06 3:52:15 pm GMT+5:30","Gaurav marathe","19","Male","Jalgaon ","Reels","Multiple times a day","Stories","Fitness","Through shoppable posts","Late night","I don't mind them","Fitness and health","Cool content","Sometimes","inspirational quotes","some what important","Daily life updates","Sometimes","Products","Recommendations from friend","Long stories","Funny or meme posts","Sometimes","Negative vibes or drama","Rarely watch","Music","Weekends","Rarely","Motivational quotes","Direct messages","Shares","Mostly business, some personal","Somewhat important","Video posts","Occasionally","I don’t like sponsored content","Engagement with followers","Sometimes","Rarely watch","Explore page","More than 2 hours","Giveaway draws","Not very important","Useful info"
"2025/10/06 5:33:33 pm GMT+5:30","Hitesh Chavda ","19","Male","Jalgaon ","Reels","Once a day","Stories","Fitness","I Don't shop on instagram","Evening","Sometimes annoying","Fitness and health","Cool content","Rarely","inspirational quotes","I don't Notice it","Daily life updates","Sometimes","discounts","Explore page","Quick pads","Minimalist and clean designs","Rarely","Content no longer interests me","Sometimes watch","Music","Weekends","","Tutorials","Comments reply","Comments","Mostly personal, some business","Somewhat important","Single photos","Weekly","If it’s creative and fun","Engagement with followers","Rarely","Rarely watch","Explore page","1-2 hours","Photo challenges","Somewhat important","Funny posts"
"2025/10/06 9:21:43 pm GMT+5:30","Mangala patil ","55","Female","Jalgaon","Photos","Multiple times a day","Explore page","Fitness","Clicking links in bio","Late night","Sometimes annoying","Beauty and Makeup","Frequent updates","Rarely","Informatative and detail","Not important at all","polls and Q&K","Never","Gift cards","Through hashtags","skills captions","Minimalist and clean designs","Rarely","Negative vibes or drama","Love them, watch daily","Stickers (polls, quizzes)","Evenings","Rarely","Motivational quotes","Comments reply","Likes","Only business","I don’t read captions","Reels","Occasionally","I don’t mind sponsored content","Engagement with followers","Sometimes","Love them, watch often","Friends","1-2 hours","Giveaway draws","I don’t read captions","Inspirational messages"
"2025/10/06 9:25:41 pm GMT+5:30","Vidya patil","27","Female","Jalgaon","Photos","Once a day","Explore page","Fitness","Via Instagram stories","Morning","I don't mind them","Teach and Gadgets","Cool content","Never","short and sweet","Not important at all","polls and Q&K","Rarely","Gift cards","Through hashtags","skills captions","Celebrity or influencer posts","Sometimes","Content no longer interests me","Love them, watch daily","Swipe-up links","Weekends","Regularly","Personal stories","Story mentions","Comments","Only personal","Somewhat important","Video posts","Daily","I don’t like sponsored content","High-quality content","Sometimes","Rarely watch","hashtags","1-2 hours","Quiz contests","Very important","Funny posts"
"2025/10/06 9:26:50 pm GMT+5:30","Gayatri shalik shejol ","19","Female","Jalgaon ","Reels","A few times a week","Explore page","Fitness","Through shoppable posts","Morning","A find some useful","Fitness and health","Giveaway or contests","Never","Fun and witty","I don't Notice it","Behind the scenes","Very likely","discounts","Ads","skills captions","Celebrity or influencer posts","Sometimes","Too many posts","Sometimes watch","Swipe-up links","Evenings","Never","Motivational quotes","Comments reply","Shares","Only business","Somewhat important","Single photos","Occasionally","If it’s creative and fun","Engagement with followers","Sometimes","Watch occasionally","Influencers","Less than 30 minutes","Photo challenges","I don’t read captions","Funny posts"
"2025/10/07 11:19:29 am GMT+5:30","Gaurav Patil ","20","Male","Jalgaon ","Photos","A few times a week","Direct Message","Fitness","Through shoppable posts","Afternoon","I avoid them","Teach and Gadgets","Recommendations from friends","Never","Informatative and detail","very important","Behind the scenes","Sometimes","discounts","Through hashtags","Long stories","Minimalist and clean designs","Never","Content no longer interests me","Rarely watch","Swipe-up links","Mornings","Rarely","Tutorials","Comments reply","Comments","Only business","Very important","Single photos","Never","If it’s creative and fun","High-quality content","Never","Love them, watch often","Explore page","1-2 hours","Giveaway draws","Not very important","Funny posts"
"2025/10/07 11:21:54 am GMT+5:30","Ved chaudhari ","29","Male","Jalgaon ","Photos","Once a day","IGTV/Reels","Fashion","Through shoppable posts","Evening","Sometimes annoying","Beauty and Makeup","Frequent updates","Rarely","inspirational quotes","Not important at all","Behind the scenes","Never","discounts","Through hashtags","Quick pads","Minimalist and clean designs","Sometimes","Negative vibes or drama","Don’t like them at all","None of these","Mornings","Never","Motivational quotes","Comments reply","Saves","Only personal","Somewhat important","Video posts","Never","I don’t like sponsored content","Engagement with followers","Rarely","Rarely watch","hashtags","1-2 hours","Giveaway draws","Not very important","Funny posts"
"2025/10/07 11:24:14 am GMT+5:30","Bharti chaudhari ","55","Female","Jalgaon ","Photos","Once a day","IGTV/Reels","Fashion","Via Instagram stories","Late night","I avoid them","Beauty and Makeup","Recommendations from friends","Always","inspirational quotes","Not important at all","Tutorials and tips","Rarely","Products","Recommendations from friend","Quits","Celebrity or influencer posts","Rarely","Too many posts","Rarely watch","None of these","Weekends","Regularly","Motivational quotes","Posts and captions","Comments","Only personal","Somewhat important","Reels","Occasionally","I don’t mind sponsored content","Regular posting","Rarely","Watch occasionally","Explore page","More than 2 hours","Quiz contests","Not very important","Funny posts"
"2025/10/07 7:49:44 pm GMT+5:30","Prakash pimparkar","58","Male","Jalgaon","Photos","Once a day","Explore page","Fitness","Via Instagram stories","Evening","I avoid them","Fitness and health","Frequent updates","Sometimes","inspirational quotes","I don't Notice it","Tutorials and tips","Rarely","Experience","Through hashtags","skills captions","Celebrity or influencer posts","Never","Content no longer interests me","Rarely watch","Music","Weekdays","Regularly","Product reviews","Posts and captions","Saves","Only business","Not important","Video posts","Never","I don’t mind sponsored content","Authenticity","Never","Watch occasionally","hashtags","More than 2 hours","Caption contests","I don’t read captions","Useful info"
"2025/10/08 12:19:08 pm GMT+5:30","Krushna Sonawane ","19","Male","","Photos","Once a day","Explore page","Food","Through shoppable posts","Evening","Sometimes annoying","Travel and lifestyles","Recommendations from friends","Rarely","Informatative and detail","some what important","Tutorials and tips","Sometimes","Gift cards","Explore page","Quick pads","Minimalist and clean designs","Sometimes","Content no longer interests me","Sometimes watch","Stickers (polls, quizzes)","Weekends","Occasionally","Motivational quotes","Comments reply","Comments","Mostly personal, some business","Somewhat important","Carousel posts","Occasionally","I don’t like sponsored content","High-quality content","Rarely","Don’t like them","Explore page","30 minutes to 1 hour","Photo challenges","Somewhat important","Useful info"
"2025/10/08 12:39:17 pm GMT+5:30","Ajay patil","19","Male","Jalgaon ","Reels","Once a day","Explore page","Travel","Through shoppable posts","Afternoon","I avoid them","Fitness and health","Cool content","Rarely","Informatative and detail","some what important","Tutorials and tips","Rarely","Products","","Quits","Bright and colorful images","Sometimes","I don’t unfollow often","Rarely watch","Swipe-up links","Weekends","Rarely","Personal stories","Comments reply","","Mostly business, some personal","Not important","Carousel posts","Occasionally","If it’s creative and fun","Engagement with followers","Very likely","Rarely watch","Friends","30 minutes to 1 hour","Caption contests","Somewhat important","Useful info"
"2025/10/08 12:41:57 pm GMT+5:30","Khushabu  Rajendra Chaudhari","20","Female","Jalgaon ","Reels","Multiple times a day","Direct Message","Fashion","Through shoppable posts","Late night","I avoid them","Beauty and Makeup","Giveaway or contests","Sometimes","short and sweet","some what important","polls and Q&K","Rarely","Products","Through hashtags","Quick pads","Funny or meme posts","Rarely","Content no longer interests me","Rarely watch","Music","Weekdays","Occasionally","Tutorials","Comments reply","Comments","Only business","Very important","Single photos","Occasionally","I don’t like sponsored content","Engagement with followers","Sometimes","Rarely watch","Influencers","30 minutes to 1 hour","Caption contests","Somewhat important","Funny posts"
"2025/10/08 12:48:34 pm GMT+5:30","Sharda patil","21","Female","Jalgaon ","Reels","Multiple times a day","Direct Message","Fashion","Through shoppable posts","Late night","I don't mind them","Beauty and Makeup","Recommendations from friends","Sometimes","inspirational quotes","Not important at all","Daily life updates","Very likely","discounts","Through hashtags","Long stories","Funny or meme posts","Sometimes","Content no longer interests me","Love them, watch daily","Swipe-up links","Weekends","Occasionally","","Direct messages","Shares","Mostly personal, some business","Somewhat important","Single photos","Occasionally","I don’t like sponsored content","Engagement with followers","Rarely","Love them, watch often","hashtags","30 minutes to 1 hour","Giveaway draws","Somewhat important","Funny posts"
"2025/10/09 8:32:33 pm GMT+5:30","Lalit khadke","30","Male","Jalgaon","Videos","Multiple times a day","Explore page","Fitness","Through shoppable posts","Afternoon","I avoid them","Teach and Gadgets","Giveaway or contests","Never","short and sweet","very important","Tutorials and tips","Very likely","Gift cards","Recommendations from friend","skills captions","Celebrity or influencer posts","Rarely","Negative vibes or drama","Rarely watch","Stickers (polls, quizzes)","Weekends","Occasionally","Tutorials","Story mentions","Shares","Only personal","Very important","Single photos","Daily","I don’t like sponsored content","Regular posting","Sometimes","Watch occasionally","hashtags","30 minutes to 1 hour","Giveaway draws","Very important","Funny posts"
"2025/10/09 8:36:02 pm GMT+5:30","Chetan patil","32","Male","Jalgaon","Videos","A few times a week","Stories","Fitness","Via Instagram stories","Evening","A find some useful","Travel and lifestyles","Cool content","Always","Informatative and detail","some what important","Behind the scenes","Rarely","Products","Recommendations from friend","Quits","Celebrity or influencer posts","Sometimes","I don’t unfollow often","Rarely watch","None of these","Mornings","Occasionally","Tutorials","Direct messages","Likes","Only personal","Not important","Video posts","Weekly","I don’t mind sponsored content","Engagement with followers","Never","Don’t like them","Friends","More than 2 hours","Quiz contests","Not very important","Funny posts"
"2025/10/09 8:38:50 pm GMT+5:30","Rekha kadhke","45","Female","Jalgaon","Photos","Once a day","Explore page","Fashion","Clicking links in bio","Morning","I avoid them","Beauty and Makeup","Giveaway or contests","Never","Informatative and detail","very important","Behind the scenes","Rarely","Gift cards","Recommendations from friend","Quits","Minimalist and clean designs","Never","I don’t unfollow often","Sometimes watch","Music","Weekends","Rarely","Tutorials","Story mentions","Shares","Mostly personal, some business","Not important","Video posts","Occasionally","I don’t like sponsored content","Engagement with followers","Rarely","Watch occasionally","Explore page","1-2 hours","Caption contests","Somewhat important","Funny posts"
"2025/10/09 8:40:19 pm GMT+5:30","Harshal rote","21","Male","Jalgaon","Photos","Rarely","Direct Message","Fashion","I Don't shop on instagram","Evening","I avoid them","Travel and lifestyles","Frequent updates","Sometimes","short and sweet","some what important","polls and Q&K","Very likely","Gift cards","Recommendations from friend","Quick pads","Minimalist and clean designs","Never","Content no longer interests me","Sometimes watch","Stickers (polls, quizzes)","Evenings","Never","Motivational quotes","Comments reply","Comments","Only business","Not important","Video posts","Occasionally","I don’t like sponsored content","Engagement with followers","Rarely","Rarely watch","hashtags","1-2 hours","Caption contests","I don’t read captions","Useful info"
"2025/10/09 8:43:41 pm GMT+5:30","Nita rote","41","Female","Jalgaon ","Videos","A few times a week","Direct Message","Fashion","Clicking links in bio","Morning","I avoid them","Beauty and Makeup","Giveaway or contests","Rarely","short and sweet","Not important at all","Tutorials and tips","Never","Experience","Explore page","Quits","Bright and colorful images","Sometimes","Content no longer interests me","Don’t like them at all","None of these","Weekends","Rarely","Product reviews","Comments reply","Likes","Mostly business, some personal","I don’t read captions","Carousel posts","Never","I don’t mind sponsored content","Engagement with followers","Very likely","Don’t like them","Friends","More than 2 hours","Giveaway draws","Not very important","Relatable content"
"2025/10/09 8:44:18 pm GMT+5:30","Lukesh Waghulde","30","Male","Jalgaon ","Photos","Multiple times a day","Direct Message","Travel","Via Instagram stories","Afternoon","I don't mind them","Fitness and health","Recommendations from friends","Rarely","Informatative and detail","some what important","Daily life updates","Rarely","Products","Through hashtags","Quick pads","Minimalist and clean designs","Rarely","Content no longer interests me","Sometimes watch","Music","Weekends","Occasionally","Tutorials","Comments reply","Comments","Mostly personal, some business","Somewhat important","Single photos","Weekly","If it’s creative and fun","Engagement with followers","Sometimes","Love them, watch often","Explore page","30 minutes to 1 hour","Giveaway draws","Somewhat important","Useful info"
"2025/10/09 8:54:28 pm GMT+5:30","Tulsidas khadke","30","Male","Jalgaon ","Photos","A few times a week","Direct Message","Fitness","Clicking links in bio","Evening","I avoid them","Travel and lifestyles","Giveaway or contests","Sometimes","short and sweet","Not important at all","polls and Q&K","Sometimes","Gift cards","Ads","Quick pads","Funny or meme posts","Often","Too many posts","Sometimes watch","Swipe-up links","Weekdays","Occasionally","Product reviews","Story mentions","Saves","Mostly personal, some business","I don’t read captions","Video posts","Occasionally","I don’t mind sponsored content","Engagement with followers","Rarely","Don’t like them","Friends","1-2 hours","Giveaway draws","Somewhat important","Useful info"
"2025/10/09 9:03:16 pm GMT+5:30","Anju sharma","32","Female","Jalgaon","Videos","Once a day","Stories","Travel","I Don't shop on instagram","Evening","Sometimes annoying","Teach and Gadgets","Giveaway or contests","Sometimes","Fun and witty","I don't Notice it","Behind the scenes","Never","discounts","Explore page","skills captions","Celebrity or influencer posts","Rarely","Negative vibes or drama","Don’t like them at all","Music","Weekends","Occasionally","Personal stories","Posts and captions","Saves","Mostly personal, some business","I don’t read captions","Reels","Weekly","I don’t mind sponsored content","Engagement with followers","Rarely","Rarely watch","hashtags","Less than 30 minutes","Photo challenges","I don’t read captions","Inspirational messages"
"2025/10/09 9:05:21 pm GMT+5:30","Bhavesh nehete","28","Male","Jalgaon","Photos","Once a day","Explore page","Fitness","I Don't shop on instagram","Afternoon","I avoid them","Fitness and health","Giveaway or contests","Rarely","Informatative and detail","some what important","polls and Q&K","Rarely","Gift cards","Recommendations from friend","Quick pads","Funny or meme posts","Sometimes","Too many posts","Don’t like them at all","Stickers (polls, quizzes)","Evenings","Rarely","Product reviews","Story mentions","Shares","Mostly personal, some business","I don’t read captions","Video posts","Never","I don’t like sponsored content","Regular posting","Sometimes","Don’t like them","hashtags","1-2 hours","Caption contests","Very important","Funny posts"
"2025/10/09 9:09:13 pm GMT+5:30","Gopal rote","45","Male","Jalgaon ","Photos","Once a day","Explore page","Fitness","I Don't shop on instagram","Evening","Sometimes annoying","Fitness and health","Recommendations from friends","Rarely","Informatative and detail","I don't Notice it","Daily life updates","Very likely","Experience","Through hashtags","Long stories","Minimalist and clean designs","Never","I don’t unfollow often","Rarely watch","None of these","Weekends","Occasionally","Product reviews","Story mentions","Saves","Mostly business, some personal","Very important","Video posts","Weekly","I don’t like sponsored content","Regular posting","Rarely","Rarely watch","Explore page","30 minutes to 1 hour","Giveaway draws","Not very important","Inspirational messages"
"2025/10/09 9:48:50 pm GMT+5:30","Vipul talele","15","Male","Jalgaon","Videos","Once a day","Direct Message","Fashion","Through shoppable posts","Afternoon","I don't mind them","Fitness and health","Giveaway or contests","Always","short and sweet","some what important","Behind the scenes","Sometimes","Products","Recommendations from friend","Long stories","Minimalist and clean designs","Often","Negative vibes or drama","Love them, watch daily","Swipe-up links","Weekends","Occasionally","Personal stories","Comments reply","Shares","Mostly personal, some business","Somewhat important","Video posts","Daily","I don’t mind sponsored content","Authenticity","Rarely","Watch occasionally","Explore page","30 minutes to 1 hour","Giveaway draws","Very important","Funny posts"
"2025/10/09 9:50:24 pm GMT+5:30","Sheetal navalakhe","29","Female","Jalgaon ","Videos","A few times a week","Explore page","Fashion","Clicking links in bio","Late night","I don't mind them","Travel and lifestyles","Cool content","Rarely","short and sweet","very important","polls and Q&K","Never","discounts","Recommendations from friend","skills captions","Celebrity or influencer posts","Rarely","Negative vibes or drama","Rarely watch","Swipe-up links","Evenings","Rarely","Motivational quotes","Comments reply","Shares","Mostly business, some personal","Not important","Video posts","Never","I don’t mind sponsored content","Engagement with followers","Rarely","Rarely watch","Friends","1-2 hours","Caption contests","I don’t read captions","Inspirational messages"
"2025/10/13 12:00:41 pm GMT+5:30","Tiyush naphade","२०","Male","Jalgaon","Stories","A few times a week","Direct Message","Fitness","Through shoppable posts","Evening","I avoid them","Teach and Gadgets","Recommendations from friends","Rarely","inspirational quotes","Not important at all","Tutorials and tips","Never","Experience","Explore page","Quits","Funny or meme posts","Rarely","I don’t unfollow often","Don’t like them at all","Swipe-up links","Evenings","Rarely","Motivational quotes","Story mentions","Shares","Mostly business, some personal","Not important","Reels","Occasionally","I don’t like sponsored content","Regular posting","Rarely","Rarely watch","hashtags","1-2 hours","Caption contests","Not very important","Useful info"